pov_character,accuracy,precision,recall
ARYA,0.9684684684684685,1.0,0.6704545454545454
CERSEI,0.9774774774774775,0.4444444444444444,0.4166666666666667
