pov_character,accuracy,precision,recall
ARYA,0.9879879879879879,1.0,0.8787878787878788
CERSEI,0.990990990990991,0.8888888888888888,0.8333333333333334
